







<p>Redirect 301 /azure-devops-terraform-pipeline-with-checkov-approvals-7a68827b2bf3 /2021/06/08/azure-devops-terraform-pipeline-with-checkov-approvals/</p>


















<p>Redirect 301 /azure-devops-multi-stage-pipelines-bcbed581fa2d /2021/04/25/azure-devops-multi-stage-pipelines/</p>














<p>Redirect 301 /top-20ish-records-of-2020-81ab2f2e309e /2021/01/22/top-20ish-records-of-2020/</p>








<p>Redirect 301 /managing-python-on-macos-big-sur-c120bfa34403 /2021/01/10/managing-python-on-macos-big-sur/</p>










<p>Redirect 301 /ansible-azure-and-macos-big-sur-f313e28b6e79 /2020/12/28/ansible-azure-and-macos-big-sur/</p>










<p>Redirect 301 /migrating-my-docker-images-to-the-github-container-registry-9f304ccf0aaa /2020/09/27/migrating-my-docker-images-to-the-github-container-registry/</p>






<p>Redirect 301 /github-codespaces-and-terraform-ff8b37c5e54a /2020/09/20/github-codespaces-and-terraform/</p>








<p>Redirect 301 /azure-devops-terraform-pipeline-e50f1721ea1 /2020/05/31/azure-devops-terraform-pipeline/</p>






<p>Redirect 301 /azure-devops-ansible-pipeline-69a13781be85 /2020/05/10/azure-devops-ansible-pipeline/</p>






<p>Redirect 301 /ansible-and-the-azure-rest-api-97f880b5206d /2020/04/03/ansible-and-the-azure-rest-api/</p>




